"id","date","amount","description","category","type","merchant","paymentRef","balance"
"212","2025-06-27",-2500,"Monthly rent","","outflow","","",""
"211","2025-06-27",-850,"Food inventory","","outflow","","",""
"210","2025-06-27",-450,"Utilities","","outflow","","",""
"208","2025-06-27",-3500,"Payroll","","outflow","","",""
"207","2025-06-27",-320,"Equipment purchase","","outflow","","",""
"205","2025-06-27",-180,"Beverage restock","","outflow","","",""
"203","2025-06-27",-25,"Banking fee","","outflow","","",""
"201","2025-06-27",-2500,"Monthly rent","","outflow","","",""
"200","2025-06-27",-850,"Food inventory","","outflow","","",""
"199","2025-06-27",-450,"Utilities","","outflow","","",""
"197","2025-06-27",-3500,"Payroll","","outflow","","",""
"196","2025-06-27",-320,"Equipment purchase","","outflow","","",""
"194","2025-06-27",-180,"Beverage restock","","outflow","","",""
"192","2025-06-27",-25,"Banking fee","","outflow","","",""
"190","2025-06-27",-2500,"Monthly rent","","outflow","","",""
"189","2025-06-27",-850,"Food inventory","","outflow","","",""
"188","2025-06-27",-450,"Utilities","","outflow","","",""
"186","2025-06-27",-3500,"Payroll","","outflow","","",""
"185","2025-06-27",-320,"Equipment purchase","","outflow","","",""
"183","2025-06-27",-180,"Beverage restock","","outflow","","",""
"181","2025-06-27",-25,"Banking fee","","outflow","","",""
"161","2025-06-27",-2500,"Monthly rent","","outflow","","",""
"160","2025-06-27",-850,"Food inventory","","outflow","","",""
"159","2025-06-27",-450,"Utilities","","outflow","","",""
"157","2025-06-27",-3500,"Payroll","","outflow","","",""
"156","2025-06-27",-320,"Equipment purchase","","outflow","","",""
"154","2025-06-27",-180,"Beverage restock","","outflow","","",""
"152","2025-06-27",-25,"Banking fee","","outflow","","",""
"151","2025-06-27",-2500,"Monthly rent","","outflow","","",""
"150","2025-06-27",-850,"Food inventory","","outflow","","",""
"149","2025-06-27",-450,"Utilities","","outflow","","",""
"148","2025-06-27",-3500,"Payroll","","outflow","","",""
"147","2025-06-27",-320,"Equipment purchase","","outflow","","",""
"146","2025-06-27",-180,"Beverage restock","","outflow","","",""
"145","2025-06-27",-25,"Banking fee","","outflow","","",""
"213","2025-06-27",100,"Customer payment","","inflow","","",""
"209","2025-06-27",100,"POS sale","","inflow","","",""
"206","2025-06-27",100,"Customer payment","","inflow","","",""
"204","2025-06-27",100,"POS sale","","inflow","","",""
"202","2025-06-27",100,"Customer payment","","inflow","","",""
"198","2025-06-27",100,"POS sale","","inflow","","",""
"195","2025-06-27",100,"Customer payment","","inflow","","",""
"193","2025-06-27",100,"POS sale","","inflow","","",""
"191","2025-06-27",100,"Customer payment","","inflow","","",""
"187","2025-06-27",100,"POS sale","","inflow","","",""
"184","2025-06-27",100,"Customer payment","","inflow","","",""
"182","2025-06-27",100,"POS sale","","inflow","","",""
"162","2025-06-27",100,"Customer payment","","inflow","","",""
"158","2025-06-27",100,"POS sale","","inflow","","",""
"155","2025-06-27",100,"Customer payment","","inflow","","",""
"153","2025-06-27",100,"POS sale","","inflow","","",""
"180","1969-12-31",-2500,"Monthly rent","","outflow","","",""
"179","1969-12-31",-850,"Food inventory","","outflow","","",""
"178","1969-12-31",-450,"Utilities","","outflow","","",""
"177","1969-12-31",-3500,"Payroll","","outflow","","",""
"176","1969-12-31",-320,"Equipment purchase","","outflow","","",""
"175","1969-12-31",-180,"Beverage restock","","outflow","","",""
"174","1969-12-31",-25,"Banking fee","","outflow","","",""
"172","1969-12-31",-2500,"Monthly rent","","outflow","","",""
"171","1969-12-31",-850,"Food inventory","","outflow","","",""
"170","1969-12-31",-450,"Utilities","","outflow","","",""
"168","1969-12-31",-3500,"Payroll","","outflow","","",""
"167","1969-12-31",-320,"Equipment purchase","","outflow","","",""
"165","1969-12-31",-180,"Beverage restock","","outflow","","",""
"163","1969-12-31",-25,"Banking fee","","outflow","","",""
"173","1969-12-31",100,"Customer payment","","inflow","","",""
"169","1969-12-31",100,"POS sale","","inflow","","",""
"166","1969-12-31",100,"Customer payment","","inflow","","",""
"164","1969-12-31",100,"POS sale","","inflow","","",""
